{
  "_format": "hh-sol-cache-2",
  "files": {
    "/Users/liangkai/Desktop/meme/contracts/Lock.sol": {
      "lastModificationDate": 1758351694661,
      "contentHash": "5daa40c22d3a9841af8edcaaabc57c7c",
      "sourceName": "contracts/Lock.sol",
      "solcConfig": {
        "version": "0.8.28",
        "settings": {
          "evmVersion": "paris",
          "optimizer": {
            "enabled": false,
            "runs": 200
          },
          "outputSelection": {
            "*": {
              "*": [
                "abi",
                "evm.bytecode",
                "evm.deployedBytecode",
                "evm.methodIdentifiers",
                "metadata"
              ],
              "": [
                "ast"
              ]
            }
          }
        }
      },
      "imports": [],
      "versionPragmas": [
        "^0.8.28"
      ],
      "artifacts": [
        "Lock"
      ]
    },
    "/Users/liangkai/Desktop/meme/contracts/ShibaMeme.sol": {
      "lastModificationDate": 1758443642925,
      "contentHash": "c1e1c122f2c3d536a0a0e54553fe57e6",
      "sourceName": "contracts/ShibaMeme.sol",
      "solcConfig": {
        "version": "0.8.28",
        "settings": {
          "evmVersion": "paris",
          "optimizer": {
            "enabled": false,
            "runs": 200
          },
          "outputSelection": {
            "*": {
              "*": [
                "abi",
                "evm.bytecode",
                "evm.deployedBytecode",
                "evm.methodIdentifiers",
                "metadata"
              ],
              "": [
                "ast"
              ]
            }
          }
        }
      },
      "imports": [],
      "versionPragmas": [
        "^0.8.20"
      ],
      "artifacts": [
        "IUniswapV2Factory",
        "IUniswapV2Router02",
        "ShibaMeme"
      ]
    },
    "/Users/liangkai/Desktop/meme/contracts/test/UniswapV2Factory.sol": {
      "lastModificationDate": 1758448283615,
      "contentHash": "3862513f5ff0f4be0d8eb79f67c3b416",
      "sourceName": "contracts/test/UniswapV2Factory.sol",
      "solcConfig": {
        "version": "0.8.28",
        "settings": {
          "evmVersion": "paris",
          "optimizer": {
            "enabled": false,
            "runs": 200
          },
          "outputSelection": {
            "*": {
              "*": [
                "abi",
                "evm.bytecode",
                "evm.deployedBytecode",
                "evm.methodIdentifiers",
                "metadata"
              ],
              "": [
                "ast"
              ]
            }
          }
        }
      },
      "imports": [],
      "versionPragmas": [
        "^0.8.20"
      ],
      "artifacts": [
        "UniswapV2Factory",
        "UniswapV2Pair"
      ]
    },
    "/Users/liangkai/Desktop/meme/contracts/test/UniswapV2Router02.sol": {
      "lastModificationDate": 1758448320580,
      "contentHash": "650623c7ea89eb879360f9a028bc2b13",
      "sourceName": "contracts/test/UniswapV2Router02.sol",
      "solcConfig": {
        "version": "0.8.28",
        "settings": {
          "evmVersion": "paris",
          "optimizer": {
            "enabled": false,
            "runs": 200
          },
          "outputSelection": {
            "*": {
              "*": [
                "abi",
                "evm.bytecode",
                "evm.deployedBytecode",
                "evm.methodIdentifiers",
                "metadata"
              ],
              "": [
                "ast"
              ]
            }
          }
        }
      },
      "imports": [],
      "versionPragmas": [
        "^0.8.20"
      ],
      "artifacts": [
        "IWETH",
        "UniswapV2Router02"
      ]
    },
    "/Users/liangkai/Desktop/meme/contracts/test/WETH9.sol": {
      "lastModificationDate": 1758448337195,
      "contentHash": "19871b653fa07462949e058042972a03",
      "sourceName": "contracts/test/WETH9.sol",
      "solcConfig": {
        "version": "0.8.28",
        "settings": {
          "evmVersion": "paris",
          "optimizer": {
            "enabled": false,
            "runs": 200
          },
          "outputSelection": {
            "*": {
              "*": [
                "abi",
                "evm.bytecode",
                "evm.deployedBytecode",
                "evm.methodIdentifiers",
                "metadata"
              ],
              "": [
                "ast"
              ]
            }
          }
        }
      },
      "imports": [],
      "versionPragmas": [
        "^0.8.20"
      ],
      "artifacts": [
        "WETH9"
      ]
    }
  }
}
